path,filename,class,score,u_niqe,u_brisque,img_mean,img_std,img_entropy,a_rx_chest.lung_symmetry,a_rx_chest.inspiration_index,a_rx_chest.mediastinum_width,a_rx_chest.rotation_angle,a_rx_skull.penetration_index,a_rx_skull.sinus_air_score,a_rx_abdomen.nps_fat,a_rx_abdomen.free_air_detector
/Users/iaparamedicos/MIQA_datasets/us/breast/busi/Dataset_BUSI_with_GT/benign/benign (1).png,benign (1).png,benign,56.88648001459447,6.467027997810829,58.65069580078125,0.5191181898117065,0.22899290919303894,7.720783619260244,,,,,,,,
/Users/iaparamedicos/MIQA_datasets/us/breast/busi/Dataset_BUSI_with_GT/benign/benign (1)_mask.png,benign (1)_mask.png,benign,0.0,31.79972580995323,146.55728149414062,0.003717387793585658,0.060856956988573074,0.03535795409159968,,,,,,,,
/Users/iaparamedicos/MIQA_datasets/us/breast/busi/Dataset_BUSI_with_GT/benign/benign (10).png,benign (10).png,benign,60.17975339961437,5.973036990057846,58.67999267578125,0.40486565232276917,0.2287227362394333,7.6607975672247655,,,,,,,,
/Users/iaparamedicos/MIQA_datasets/us/breast/busi/Dataset_BUSI_with_GT/benign/benign (10)_mask.png,benign (10)_mask.png,benign,0.0,32.08669889825003,153.07705688476562,0.08238665759563446,0.27495288848876953,0.41053338967795516,,,,,,,,
/Users/iaparamedicos/MIQA_datasets/us/breast/busi/Dataset_BUSI_with_GT/benign/benign (100).png,benign (100).png,benign,63.834848544586755,5.424772718311987,47.3836669921875,0.35336410999298096,0.26559916138648987,7.476078623441535,,,,,,,,
/Users/iaparamedicos/MIQA_datasets/us/breast/busi/Dataset_BUSI_with_GT/benign/benign (100)_mask.png,benign (100)_mask.png,benign,0.0,32.23362211465232,152.13861083984375,0.04640690237283707,0.2103646844625473,0.27093305810020385,,,,,,,,
/Users/iaparamedicos/MIQA_datasets/us/breast/busi/Dataset_BUSI_with_GT/benign/benign (100)_mask_1.png,benign (100)_mask_1.png,benign,0.0,29.242194503654854,148.7662353515625,0.01911911927163601,0.13694371283054352,0.13646567803249132,,,,,,,,
/Users/iaparamedicos/MIQA_datasets/us/breast/busi/Dataset_BUSI_with_GT/benign/benign (101).png,benign (101).png,benign,58.67143058875821,6.199285411686269,61.55029296875,0.4048066735267639,0.22443200647830963,7.675867748154591,,,,,,,,
/Users/iaparamedicos/MIQA_datasets/us/breast/busi/Dataset_BUSI_with_GT/benign/benign (101)_mask.png,benign (101)_mask.png,benign,0.0,32.063473589439056,148.34420776367188,0.015647824853658676,0.1241087093949318,0.11625147893886838,,,,,,,,
/Users/iaparamedicos/MIQA_datasets/us/breast/busi/Dataset_BUSI_with_GT/benign/benign (102).png,benign (102).png,benign,66.33734844982388,5.049397732526418,60.615234375,0.22757430374622345,0.1586739718914032,7.040793368131873,,,,,,,,
/Users/iaparamedicos/MIQA_datasets/us/breast/busi/Dataset_BUSI_with_GT/benign/benign (102)_mask.png,benign (102)_mask.png,benign,0.0,32.54442654559976,151.04586791992188,0.0487588569521904,0.21536347270011902,0.281101088510583,,,,,,,,
/Users/iaparamedicos/MIQA_datasets/us/breast/busi/Dataset_BUSI_with_GT/benign/benign (103).png,benign (103).png,benign,60.48569579211709,5.9271456311824355,62.9010009765625,0.35200488567352295,0.2183612436056137,7.601791806779523,0.6793325232157891,0.4039167299417869,0.4621409921671018,,,,,
/Users/iaparamedicos/MIQA_datasets/us/breast/busi/Dataset_BUSI_with_GT/benign/benign (103)_mask.png,benign (103)_mask.png,benign,0.0,32.24637949369078,155.27603149414062,0.11065809428691864,0.31370824575424194,0.5018977928182043,,,,,,0.0,,
/Users/iaparamedicos/MIQA_datasets/us/breast/busi/Dataset_BUSI_with_GT/benign/benign (104).png,benign (104).png,benign,57.76252010624808,6.335621984062787,61.054931640625,0.3851069211959839,0.21842722594738007,7.685486606248487,,,,,,,,
/Users/iaparamedicos/MIQA_datasets/us/breast/busi/Dataset_BUSI_with_GT/benign/benign (104)_mask.png,benign (104)_mask.png,benign,0.0,31.927169830904866,148.24777221679688,0.008750718086957932,0.09313508123159409,0.0723924778380761,,,,,,,,
/Users/iaparamedicos/MIQA_datasets/us/breast/busi/Dataset_BUSI_with_GT/benign/benign (105).png,benign (105).png,benign,55.22305592061628,6.716541611907558,64.1309814453125,0.3916720747947693,0.22268778085708618,7.685072895241007,0.8364901871493423,0.4033647431332831,0.0,,,,,
/Users/iaparamedicos/MIQA_datasets/us/breast/busi/Dataset_BUSI_with_GT/benign/benign (105)_mask.png,benign (105)_mask.png,benign,0.0,32.30761818226582,152.0086669921875,0.017198044806718826,0.130008727312088,0.12540519933670152,,,,,,,,
/Users/iaparamedicos/MIQA_datasets/us/breast/busi/Dataset_BUSI_with_GT/benign/benign (106).png,benign (106).png,benign,54.47130170311228,6.829304744533157,61.6160888671875,0.28935447335243225,0.1864112764596939,7.3459815295061155,,,,,,,0.009994497522711754,0.056370651031583605
/Users/iaparamedicos/MIQA_datasets/us/breast/busi/Dataset_BUSI_with_GT/benign/benign (106)_mask.png,benign (106)_mask.png,benign,0.0,32.40834999515335,149.78067016601562,0.020171884447336197,0.1405879706144333,0.14240453988157226,,,,,,,,
/Users/iaparamedicos/MIQA_datasets/us/breast/busi/Dataset_BUSI_with_GT/benign/benign (107).png,benign (107).png,benign,55.936815165317235,6.609477725202415,61.17559814453125,0.3070814609527588,0.24847176671028137,7.280161780390289,,,,,,0.0,,
/Users/iaparamedicos/MIQA_datasets/us/breast/busi/Dataset_BUSI_with_GT/benign/benign (107)_mask.png,benign (107)_mask.png,benign,0.0,32.09390793394142,152.77560424804688,0.02111245132982731,0.14375923573970795,0.1476418935557418,,,,,,0.0,,
/Users/iaparamedicos/MIQA_datasets/us/breast/busi/Dataset_BUSI_with_GT/benign/benign (108).png,benign (108).png,benign,60.611641953953054,5.908253706907041,58.557861328125,0.3977477550506592,0.1609734296798706,7.3364456338803095,0.9477239398011945,0.407528311293654,0.2808842652795839,,,,,
/Users/iaparamedicos/MIQA_datasets/us/breast/busi/Dataset_BUSI_with_GT/benign/benign (108)_mask.png,benign (108)_mask.png,benign,0.0,32.15922110136771,150.014404296875,0.030961349606513977,0.17321300506591797,0.19919030560117137,,,,,,,,
/Users/iaparamedicos/MIQA_datasets/us/breast/busi/Dataset_BUSI_with_GT/benign/benign (109).png,benign (109).png,benign,60.87442064987726,5.868836902518411,56.54241943359375,0.2947973310947418,0.23413662612438202,7.505965224906108,,,,,,,,
/Users/iaparamedicos/MIQA_datasets/us/breast/busi/Dataset_BUSI_with_GT/benign/benign (109)_mask.png,benign (109)_mask.png,benign,0.0,30.97456252442662,150.06658935546875,0.1076512485742569,0.3099394738674164,0.4927905017207098,,,,,,0.0,,
/Users/iaparamedicos/MIQA_datasets/us/breast/busi/Dataset_BUSI_with_GT/benign/benign (11).png,benign (11).png,benign,59.79525625308586,6.030711562037121,62.62908935546875,0.5224863290786743,0.16324970126152039,7.372150800611481,,,,,,,,
/Users/iaparamedicos/MIQA_datasets/us/breast/busi/Dataset_BUSI_with_GT/benign/benign (11)_mask.png,benign (11)_mask.png,benign,0.0,31.607714590530417,150.27249145507812,0.004823918454349041,0.06928671151399612,0.04406547372634107,,,,,,,,
/Users/iaparamedicos/MIQA_datasets/us/breast/busi/Dataset_BUSI_with_GT/benign/benign (110).png,benign (110).png,benign,57.52223164766546,6.371665252850183,54.1605224609375,0.20997917652130127,0.18613621592521667,6.916555915128113,,,,,,0.0,,
/Users/iaparamedicos/MIQA_datasets/us/breast/busi/Dataset_BUSI_with_GT/benign/benign (110)_mask.png,benign (110)_mask.png,benign,0.0,30.217792031119874,150.81658935546875,0.14523755013942719,0.3523401916027069,0.5977928023664483,,,,,,,,
/Users/iaparamedicos/MIQA_datasets/us/breast/busi/Dataset_BUSI_with_GT/benign/benign (111).png,benign (111).png,benign,65.05173756611025,5.242239365083463,44.764892578125,0.39368781447410583,0.28890031576156616,7.340294686835328,,,,,,,,
/Users/iaparamedicos/MIQA_datasets/us/breast/busi/Dataset_BUSI_with_GT/benign/benign (111)_mask.png,benign (111)_mask.png,benign,0.0,31.849131016332112,147.21337890625,0.01575321890413761,0.12451929599046707,0.11688071034344251,,,,,,,,
/Users/iaparamedicos/MIQA_datasets/us/breast/busi/Dataset_BUSI_with_GT/benign/benign (112).png,benign (112).png,benign,66.25603034897978,5.061595447653033,61.9674072265625,0.2245129644870758,0.1580614596605301,6.938774618842941,,,,,,,,
/Users/iaparamedicos/MIQA_datasets/us/breast/busi/Dataset_BUSI_with_GT/benign/benign (112)_mask.png,benign (112)_mask.png,benign,0.0,32.03197877710532,149.865234375,0.012495488859713078,0.11108263581991196,0.0969161684749823,,,,,,,,
/Users/iaparamedicos/MIQA_datasets/us/breast/busi/Dataset_BUSI_with_GT/benign/benign (113).png,benign (113).png,benign,53.16024308165351,7.025963537751973,59.4134521484375,0.30346792936325073,0.18299320340156555,7.384874324051671,,,,,,,0.010359709151089191,0.06820095625490616
/Users/iaparamedicos/MIQA_datasets/us/breast/busi/Dataset_BUSI_with_GT/benign/benign (113)_mask.png,benign (113)_mask.png,benign,0.0,31.68882791304129,151.61740112304688,0.03825384005904198,0.19180844724178314,0.23422802352491257,,,,,,,,
/Users/iaparamedicos/MIQA_datasets/us/breast/busi/Dataset_BUSI_with_GT/benign/benign (114).png,benign (114).png,benign,59.692681651973054,6.046097752204041,59.1910400390625,0.39441415667533875,0.15811283886432648,7.314366450384841,0.9694024522574731,0.40683586536080885,0.31836195508586523,,,,,
/Users/iaparamedicos/MIQA_datasets/us/breast/busi/Dataset_BUSI_with_GT/benign/benign (114)_mask.png,benign (114)_mask.png,benign,0.0,32.41124511248271,155.23046875,0.050430186092853546,0.21883094310760498,0.2882215609692431,,,,,,,,
/Users/iaparamedicos/MIQA_datasets/us/breast/busi/Dataset_BUSI_with_GT/benign/benign (115).png,benign (115).png,benign,62.58224243465473,5.61266363480179,63.7054443359375,0.4323045015335083,0.170848086476326,7.443186511545457,,,,,,0.0,,
/Users/iaparamedicos/MIQA_datasets/us/breast/busi/Dataset_BUSI_with_GT/benign/benign (115)_mask.png,benign (115)_mask.png,benign,0.0,32.23444040153173,149.27316284179688,0.016530293971300125,0.12750311195850372,0.121488540756886,,,,,,0.0,,
/Users/iaparamedicos/MIQA_datasets/us/breast/busi/Dataset_BUSI_with_GT/benign/benign (116).png,benign (116).png,benign,59.28441203558984,6.107338194661524,58.17755126953125,0.38097429275512695,0.16844697296619415,7.3943177967261535,0.9516562924167924,0.4046474358974359,0.2989556135770235,,,,,
/Users/iaparamedicos/MIQA_datasets/us/breast/busi/Dataset_BUSI_with_GT/benign/benign (116)_mask.png,benign (116)_mask.png,benign,0.0,30.2663265379636,149.30178833007812,0.012213370762765408,0.10983716696500778,0.09513292189537098,,,,,,,,
/Users/iaparamedicos/MIQA_datasets/us/breast/busi/Dataset_BUSI_with_GT/benign/benign (117).png,benign (117).png,benign,55.347098240714296,6.697935263892855,61.01739501953125,0.31765931844711304,0.17894795536994934,7.402128882865102,,,,,,0.0,,
/Users/iaparamedicos/MIQA_datasets/us/breast/busi/Dataset_BUSI_with_GT/benign/benign (117)_mask.png,benign (117)_mask.png,benign,0.0,32.46808885387019,154.61087036132812,0.024447819218039513,0.15443485975265503,0.16573334243986143,,,,,,,,
/Users/iaparamedicos/MIQA_datasets/us/breast/busi/Dataset_BUSI_with_GT/benign/benign (118).png,benign (118).png,benign,58.47071980677705,6.229392028983443,62.90203857421875,0.2946338951587677,0.13251441717147827,6.947185892633985,,,,,,,,
/Users/iaparamedicos/MIQA_datasets/us/breast/busi/Dataset_BUSI_with_GT/benign/benign (118)_mask.png,benign (118)_mask.png,benign,0.0,31.85297524961448,148.26168823242188,0.016879908740520477,0.1288214921951294,0.12354403311252325,,,,,,,,
/Users/iaparamedicos/MIQA_datasets/us/breast/busi/Dataset_BUSI_with_GT/benign/benign (119).png,benign (119).png,benign,63.557284214802266,5.466407367779659,58.42535400390625,0.3677152991294861,0.17425288259983063,7.431369490143025,0.9536810005029173,0.40058859136307884,0.4120734908136483,,,,,
/Users/iaparamedicos/MIQA_datasets/us/breast/busi/Dataset_BUSI_with_GT/benign/benign (119)_mask.png,benign (119)_mask.png,benign,0.0,32.05585336449555,150.54351806640625,0.011548556387424469,0.10684189200401306,0.0908926353787881,,,,,,,,
/Users/iaparamedicos/MIQA_datasets/us/breast/busi/Dataset_BUSI_with_GT/benign/benign (12).png,benign (12).png,benign,54.44478558422221,6.833282162366668,58.10595703125,0.36449792981147766,0.16644804179668427,7.2077962891348815,,,,,,,0.016944430768489838,0.08651169554198346
/Users/iaparamedicos/MIQA_datasets/us/breast/busi/Dataset_BUSI_with_GT/benign/benign (12)_mask.png,benign (12)_mask.png,benign,0.0,31.80533488764978,146.65386962890625,0.007465038448572159,0.08607735484838486,0.0634747080640036,,,,,,,,
/Users/iaparamedicos/MIQA_datasets/us/breast/busi/Dataset_BUSI_with_GT/benign/benign (120).png,benign (120).png,benign,49.77904453474784,7.533143319787825,58.3037109375,0.22449475526809692,0.17536960542201996,7.030358221434087,,,,,,,,
/Users/iaparamedicos/MIQA_datasets/us/breast/busi/Dataset_BUSI_with_GT/benign/benign (120)_mask.png,benign (120)_mask.png,benign,0.0,31.343309036973853,145.848388671875,0.00343685457482934,0.058523863554000854,0.033079410030655156,,,,,,,,
/Users/iaparamedicos/MIQA_datasets/us/breast/busi/Dataset_BUSI_with_GT/benign/benign (121).png,benign (121).png,benign,57.67384489155767,6.3489232662663495,63.1103515625,0.23890358209609985,0.14585867524147034,6.993334138948178,,,,,,,,
/Users/iaparamedicos/MIQA_datasets/us/breast/busi/Dataset_BUSI_with_GT/benign/benign (121)_mask.png,benign (121)_mask.png,benign,0.0,32.48030104491667,152.10281372070312,0.04498045891523361,0.20726123452186584,0.2646789041450006,,,,,,,,
/Users/iaparamedicos/MIQA_datasets/us/breast/busi/Dataset_BUSI_with_GT/benign/benign (122).png,benign (122).png,benign,61.651714053587405,5.752242891961889,58.09844970703125,0.34259891510009766,0.1736660599708557,7.412090255540701,0.9394895920254028,0.4033157940683952,0.3850129198966408,,,,,
/Users/iaparamedicos/MIQA_datasets/us/breast/busi/Dataset_BUSI_with_GT/benign/benign (122)_mask.png,benign (122)_mask.png,benign,0.0,32.47803122671844,150.66180419921875,0.03174890950322151,0.17533087730407715,0.20308812492834463,,,,,,,,
/Users/iaparamedicos/MIQA_datasets/us/breast/busi/Dataset_BUSI_with_GT/benign/benign (123).png,benign (123).png,benign,63.92150404436164,5.411774393345754,59.58380126953125,0.271720826625824,0.15382440388202667,7.101745101200869,,,,,,,,
/Users/iaparamedicos/MIQA_datasets/us/breast/busi/Dataset_BUSI_with_GT/benign/benign (123)_mask.png,benign (123)_mask.png,benign,0.0,32.542452956257854,153.1490478515625,0.056425824761390686,0.2307421863079071,0.3130902605148299,,,,,0.013577730596748322,0.5415714067977442,,
/Users/iaparamedicos/MIQA_datasets/us/breast/busi/Dataset_BUSI_with_GT/benign/benign (124).png,benign (124).png,benign,58.731924063375416,6.190211390493688,63.874267578125,0.3681841492652893,0.15605060756206512,6.9688678054633435,,,,,,,,
/Users/iaparamedicos/MIQA_datasets/us/breast/busi/Dataset_BUSI_with_GT/benign/benign (124)_mask.png,benign (124)_mask.png,benign,0.0,32.11078501741201,151.31179809570312,0.0191046129912138,0.13689276576042175,0.13638325872693863,,,,,,0.0,,
/Users/iaparamedicos/MIQA_datasets/us/breast/busi/Dataset_BUSI_with_GT/benign/benign (125).png,benign (125).png,benign,61.76905471566187,5.734641792650719,60.24041748046875,0.3289160430431366,0.21585601568222046,7.530465443559919,0.7404087105124124,0.40053628220938536,0.0,,,,,
/Users/iaparamedicos/MIQA_datasets/us/breast/busi/Dataset_BUSI_with_GT/benign/benign (125)_mask.png,benign (125)_mask.png,benign,0.0,31.05336173322892,144.72738647460938,0.011225078254938126,0.10535214841365814,0.08880943012215588,,,,,,,,
/Users/iaparamedicos/MIQA_datasets/us/breast/busi/Dataset_BUSI_with_GT/benign/benign (126).png,benign (126).png,benign,60.317116031678665,5.952432595248201,59.8758544921875,0.3567911684513092,0.22259986400604248,7.615074458319757,0.7793453250970996,0.40010976062498993,0.0,,,,,
/Users/iaparamedicos/MIQA_datasets/us/breast/busi/Dataset_BUSI_with_GT/benign/benign (126)_mask.png,benign (126)_mask.png,benign,0.0,31.948398897518192,146.42413330078125,0.012883700430393219,0.11277282983064651,0.09935485386906268,,,,,,,,
/Users/iaparamedicos/MIQA_datasets/us/breast/busi/Dataset_BUSI_with_GT/benign/benign (127).png,benign (127).png,benign,61.83171111030945,5.725243333453582,40.4141845703125,0.15495172142982483,0.18650755286216736,6.388501484302001,,,,,,,,
/Users/iaparamedicos/MIQA_datasets/us/breast/busi/Dataset_BUSI_with_GT/benign/benign (127)_mask.png,benign (127)_mask.png,benign,0.0,31.3575967909073,146.691162109375,0.01630222052335739,0.1266351342201233,0.12014179790083047,,,,,,,,
/Users/iaparamedicos/MIQA_datasets/us/breast/busi/Dataset_BUSI_with_GT/benign/benign (128).png,benign (128).png,benign,59.28282474827251,6.107576287759124,59.2666015625,0.2523063123226166,0.2208937555551529,7.240766609973974,,,,,,,,
/Users/iaparamedicos/MIQA_datasets/us/breast/busi/Dataset_BUSI_with_GT/benign/benign (128)_mask.png,benign (128)_mask.png,benign,0.0,32.18880528345326,147.10525512695312,0.014920908957719803,0.12123644351959229,0.11188292370562046,,,,,,,,
/Users/iaparamedicos/MIQA_datasets/us/breast/busi/Dataset_BUSI_with_GT/benign/benign (129).png,benign (129).png,benign,55.954821334015115,6.606776799897733,63.720458984375,0.4058760702610016,0.2506970465183258,7.689488986031148,0.9495704591803964,0.4016405876244151,0.0,,,,,
/Users/iaparamedicos/MIQA_datasets/us/breast/busi/Dataset_BUSI_with_GT/benign/benign (129)_mask.png,benign (129)_mask.png,benign,0.0,32.18216383812773,151.942138671875,0.014266087673604488,0.11858569830656052,0.10790328675636152,,,,,,,,
/Users/iaparamedicos/MIQA_datasets/us/breast/busi/Dataset_BUSI_with_GT/benign/benign (13).png,benign (13).png,benign,69.35831140855377,4.596253288716935,54.46405029296875,0.2777581810951233,0.1925739347934723,7.2744104821756705,,,,,,,,
/Users/iaparamedicos/MIQA_datasets/us/breast/busi/Dataset_BUSI_with_GT/benign/benign (13)_mask.png,benign (13)_mask.png,benign,0.0,31.476059841837586,152.89971923828125,0.13548140227794647,0.34223702549934387,0.572281569347047,,,,,,0.3858096568855768,,
/Users/iaparamedicos/MIQA_datasets/us/breast/busi/Dataset_BUSI_with_GT/benign/benign (130).png,benign (130).png,benign,61.78342804418673,5.732485793371991,57.9495849609375,0.3183823227882385,0.21858255565166473,7.541751551069893,,,,,,,,
/Users/iaparamedicos/MIQA_datasets/us/breast/busi/Dataset_BUSI_with_GT/benign/benign (130)_mask.png,benign (130)_mask.png,benign,0.0,31.50669739141707,150.6845703125,0.05665955692529678,0.23119091987609863,0.3140393480003768,,,,,,,,
/Users/iaparamedicos/MIQA_datasets/us/breast/busi/Dataset_BUSI_with_GT/benign/benign (131).png,benign (131).png,benign,53.81002393014869,6.928496410477697,62.31353759765625,0.311494380235672,0.21781025826931,7.475458360612955,0.9422309699902207,0.4071924386472224,0.0,,,,,
/Users/iaparamedicos/MIQA_datasets/us/breast/busi/Dataset_BUSI_with_GT/benign/benign (131)_mask.png,benign (131)_mask.png,benign,0.0,31.419232594007248,150.38693237304688,0.26425033807754517,0.4409331977367401,0.8330926820100264,,,,,,0.3735045742434904,,
/Users/iaparamedicos/MIQA_datasets/us/breast/busi/Dataset_BUSI_with_GT/benign/benign (132).png,benign (132).png,benign,65.23170164538305,5.2152447531925405,42.61004638671875,0.2322653830051422,0.22051231563091278,7.09960867044563,,,,,0.4327081987087477,0.0,,
/Users/iaparamedicos/MIQA_datasets/us/breast/busi/Dataset_BUSI_with_GT/benign/benign (132)_mask.png,benign (132)_mask.png,benign,0.0,32.46256903128743,148.85198974609375,0.024188345298171043,0.15363356471061707,0.1643513076875414,,,,,,,,
/Users/iaparamedicos/MIQA_datasets/us/breast/busi/Dataset_BUSI_with_GT/benign/benign (133).png,benign (133).png,benign,61.593382064569745,5.760992690314539,48.55828857421875,0.3245427906513214,0.26060226559638977,7.493899268037085,,,,,,,,
/Users/iaparamedicos/MIQA_datasets/us/breast/busi/Dataset_BUSI_with_GT/benign/benign (133)_mask.png,benign (133)_mask.png,benign,0.0,31.80944037193248,143.50555419921875,0.009524715133011341,0.09712875634431839,0.07762557902463735,,,,,,,,
/Users/iaparamedicos/MIQA_datasets/us/breast/busi/Dataset_BUSI_with_GT/benign/benign (134).png,benign (134).png,benign,66.73482822824765,4.989775765762852,43.964111328125,0.30411413311958313,0.24146871268749237,7.493796453894477,,,,,,,,
/Users/iaparamedicos/MIQA_datasets/us/breast/busi/Dataset_BUSI_with_GT/benign/benign (134)_mask.png,benign (134)_mask.png,benign,0.0,31.478963212122085,152.19671630859375,0.00963883101940155,0.0977032482624054,0.07838920043873915,,,,,,,,
/Users/iaparamedicos/MIQA_datasets/us/breast/busi/Dataset_BUSI_with_GT/benign/benign (135).png,benign (135).png,benign,60.162504215098714,5.975624367735193,60.86590576171875,0.3273487091064453,0.2430976778268814,7.578675096928691,0.8069366389352766,0.4019010183746803,0.0,,,,,
/Users/iaparamedicos/MIQA_datasets/us/breast/busi/Dataset_BUSI_with_GT/benign/benign (135)_mask.png,benign (135)_mask.png,benign,0.0,32.52329101626259,149.26376342773438,0.024657243862748146,0.1550782471895218,0.1668458309023379,,,,,,,,
/Users/iaparamedicos/MIQA_datasets/us/breast/busi/Dataset_BUSI_with_GT/benign/benign (136).png,benign (136).png,benign,58.0188998101383,6.297165028479255,60.90850830078125,0.3824683427810669,0.21685726940631866,7.670217524180742,0.9660119142882702,0.40043017846221507,0.0,,,,,
/Users/iaparamedicos/MIQA_datasets/us/breast/busi/Dataset_BUSI_with_GT/benign/benign (136)_mask.png,benign (136)_mask.png,benign,0.0,32.08881443474095,150.96389770507812,0.03159493952989578,0.17491911351680756,0.20232839123736696,,,,,,,,
/Users/iaparamedicos/MIQA_datasets/us/breast/busi/Dataset_BUSI_with_GT/benign/benign (137).png,benign (137).png,benign,60.401945992535786,5.939708101119632,59.4793701171875,0.3735699951648712,0.25921356678009033,7.70449376550064,0.8396436561774889,0.40386606698231775,0.0,,,,,
/Users/iaparamedicos/MIQA_datasets/us/breast/busi/Dataset_BUSI_with_GT/benign/benign (137)_mask.png,benign (137)_mask.png,benign,0.0,31.664163478532966,148.50390625,0.012360110878944397,0.11048682034015656,0.09606162851544094,,,,,,,,
/Users/iaparamedicos/MIQA_datasets/us/breast/busi/Dataset_BUSI_with_GT/benign/benign (138).png,benign (138).png,benign,60.95938440537496,5.856092339193755,59.26190185546875,0.2819357216358185,0.261416494846344,7.18742177185573,,,,,,,,
/Users/iaparamedicos/MIQA_datasets/us/breast/busi/Dataset_BUSI_with_GT/benign/benign (138)_mask.png,benign (138)_mask.png,benign,0.0,30.37337031071215,147.6497802734375,0.0044647520408034325,0.06666947156190872,0.04128410520610062,,,,,,,,
/Users/iaparamedicos/MIQA_datasets/us/breast/busi/Dataset_BUSI_with_GT/benign/benign (139).png,benign (139).png,benign,58.94446698320665,6.158329952519001,59.37799072265625,0.325127512216568,0.19271914660930634,7.504606262647455,,,,,,0.6916019362827872,,
/Users/iaparamedicos/MIQA_datasets/us/breast/busi/Dataset_BUSI_with_GT/benign/benign (139)_mask.png,benign (139)_mask.png,benign,0.0,32.32171399903778,149.0889892578125,0.039372410625219345,0.19447936117649078,0.2394072748829863,,,,,,,,
/Users/iaparamedicos/MIQA_datasets/us/breast/busi/Dataset_BUSI_with_GT/benign/benign (14).png,benign (14).png,benign,66.1530723829078,5.077039142563831,62.00537109375,0.2957683205604553,0.14391040802001953,7.117999724109024,,,,,,,0.050647128373384476,0.3300385832574674
/Users/iaparamedicos/MIQA_datasets/us/breast/busi/Dataset_BUSI_with_GT/benign/benign (14)_mask.png,benign (14)_mask.png,benign,0.0,31.87293089179446,153.99761962890625,0.0118005545809865,0.10798750817775726,0.09250632360548383,,,,,,,,
/Users/iaparamedicos/MIQA_datasets/us/breast/busi/Dataset_BUSI_with_GT/benign/benign (140).png,benign (140).png,benign,62.4164666381226,5.63753000428161,50.41717529296875,0.35998234152793884,0.26454082131385803,7.66685519320267,,,,,,,,
/Users/iaparamedicos/MIQA_datasets/us/breast/busi/Dataset_BUSI_with_GT/benign/benign (140)_mask.png,benign (140)_mask.png,benign,0.0,29.882820864228954,152.31692504882812,0.194297194480896,0.3956586718559265,0.7103748135330423,,,,,0.24729148014350857,0.0,,
/Users/iaparamedicos/MIQA_datasets/us/breast/busi/Dataset_BUSI_with_GT/benign/benign (141).png,benign (141).png,benign,68.12286427102138,4.781570359346792,52.81121826171875,0.29442426562309265,0.2038710117340088,7.46415173182989,0.9731497920882648,0.40921595144638323,0.19047619047619047,,,,,
/Users/iaparamedicos/MIQA_datasets/us/breast/busi/Dataset_BUSI_with_GT/benign/benign (141)_mask.png,benign (141)_mask.png,benign,0.0,31.973172700316816,153.33642578125,0.512972891330719,0.4998316764831543,0.9995143465581817,,,,,,,,
/Users/iaparamedicos/MIQA_datasets/us/breast/busi/Dataset_BUSI_with_GT/benign/benign (142).png,benign (142).png,benign,55.43298415826098,6.685052376260853,63.023193359375,0.402149498462677,0.21302060782909393,7.6804554832151535,0.7643036161349189,0.4006403547534324,0.0,,,,,
/Users/iaparamedicos/MIQA_datasets/us/breast/busi/Dataset_BUSI_with_GT/benign/benign (142)_mask.png,benign (142)_mask.png,benign,0.0,32.78133091259883,145.37991333007812,0.009786153212189674,0.0984397605061531,0.07937211608822706,,,,,,,,
/Users/iaparamedicos/MIQA_datasets/us/breast/busi/Dataset_BUSI_with_GT/benign/benign (143).png,benign (143).png,benign,60.77038029413539,5.884442955879691,62.46929931640625,0.4665071368217468,0.21909387409687042,7.718518811833539,,,,,,,,
/Users/iaparamedicos/MIQA_datasets/us/breast/busi/Dataset_BUSI_with_GT/benign/benign (143)_mask.png,benign (143)_mask.png,benign,0.0,31.140629376088324,147.06600952148438,0.005380375776439905,0.07315345108509064,0.04829900902276054,,,,,,,,
/Users/iaparamedicos/MIQA_datasets/us/breast/busi/Dataset_BUSI_with_GT/benign/benign (144).png,benign (144).png,benign,59.60887185294609,6.058669222058087,63.386962890625,0.3476729989051819,0.1936284899711609,7.420056781121019,0.9637092985013603,0.4063085298879401,0.15844155844155844,,,,,
/Users/iaparamedicos/MIQA_datasets/us/breast/busi/Dataset_BUSI_with_GT/benign/benign (144)_mask.png,benign (144)_mask.png,benign,0.0,31.68003663232205,141.89901733398438,0.0028123599477112293,0.052957065403461456,0.02788361460982739,,,,,,,,
/Users/iaparamedicos/MIQA_datasets/us/breast/busi/Dataset_BUSI_with_GT/benign/benign (145).png,benign (145).png,benign,58.05911293445769,6.2911330598313455,60.85565185546875,0.4179338216781616,0.2293330729007721,7.703439115648857,0.9493472432723826,0.4016658752769864,0.4428754813863928,,,,,
/Users/iaparamedicos/MIQA_datasets/us/breast/busi/Dataset_BUSI_with_GT/benign/benign (145)_mask.png,benign (145)_mask.png,benign,0.0,32.13064854611906,150.96218872070312,0.01928229257464409,0.13751541078090668,0.137391639837329,,,,,,0.0,,
/Users/iaparamedicos/MIQA_datasets/us/breast/busi/Dataset_BUSI_with_GT/benign/benign (146).png,benign (146).png,benign,56.85603568027411,6.471594647958883,53.44537353515625,0.27780041098594666,0.24339823424816132,7.008999723450033,,,,,,,,
/Users/iaparamedicos/MIQA_datasets/us/breast/busi/Dataset_BUSI_with_GT/benign/benign (146)_mask.png,benign (146)_mask.png,benign,0.0,31.782062143727167,142.16079711914062,0.005635418929159641,0.07485760748386383,0.050210926170905314,,,,,,,,
/Users/iaparamedicos/MIQA_datasets/us/breast/busi/Dataset_BUSI_with_GT/benign/benign (147).png,benign (147).png,benign,58.56486018961377,6.215270971557935,61.66473388671875,0.3665024936199188,0.21860270202159882,7.616488715264952,0.9296491737468641,0.4048224036330216,0.3173758865248227,,,,,
/Users/iaparamedicos/MIQA_datasets/us/breast/busi/Dataset_BUSI_with_GT/benign/benign (147)_mask.png,benign (147)_mask.png,benign,0.0,28.792198359150852,151.8204345703125,0.014249498024582863,0.11851772665977478,0.10780190201737103,,,,,,,,
/Users/iaparamedicos/MIQA_datasets/us/breast/busi/Dataset_BUSI_with_GT/benign/benign (148).png,benign (148).png,benign,58.05361991183078,6.291957013225384,59.93731689453125,0.26638808846473694,0.20092540979385376,7.355535965502606,,,,,,0.0,,
/Users/iaparamedicos/MIQA_datasets/us/breast/busi/Dataset_BUSI_with_GT/benign/benign (148)_mask.png,benign (148)_mask.png,benign,0.0,30.825473621278736,149.54464721679688,0.043006084859371185,0.20287080109119415,0.2559091446225631,,,,,,,,
/Users/iaparamedicos/MIQA_datasets/us/breast/busi/Dataset_BUSI_with_GT/benign/benign (149).png,benign (149).png,benign,57.49080356829086,6.37637946475637,58.71240234375,0.2873173952102661,0.19866128265857697,7.379577069503152,,,,,,,0.02905805967748165,0.0037134220258098175
/Users/iaparamedicos/MIQA_datasets/us/breast/busi/Dataset_BUSI_with_GT/benign/benign (149)_mask.png,benign (149)_mask.png,benign,0.0,32.27602382186464,150.8658447265625,0.03470975533127785,0.1830436736345291,0.21748706882872187,,,,,,0.0,,
/Users/iaparamedicos/MIQA_datasets/us/breast/busi/Dataset_BUSI_with_GT/benign/benign (15).png,benign (15).png,benign,54.86794119972696,6.769808820040957,62.44683837890625,0.2798110842704773,0.13856567442417145,7.034596433953682,,,,,,,0.0468132384121418,0.2641373828010149
/Users/iaparamedicos/MIQA_datasets/us/breast/busi/Dataset_BUSI_with_GT/benign/benign (15)_mask.png,benign (15)_mask.png,benign,0.0,31.644184049967222,151.8487548828125,0.008317829109728336,0.09082204103469849,0.06942272989078489,,,,,,,,
/Users/iaparamedicos/MIQA_datasets/us/breast/busi/Dataset_BUSI_with_GT/benign/benign (150).png,benign (150).png,benign,55.214952944746344,6.71775705828805,59.7606201171875,0.2579246461391449,0.1498216986656189,7.119481451408407,,,,,,0.3369752506265664,,
/Users/iaparamedicos/MIQA_datasets/us/breast/busi/Dataset_BUSI_with_GT/benign/benign (150)_mask.png,benign (150)_mask.png,benign,0.0,32.00801637628863,146.18447875976562,0.004771615844219923,0.06891188770532608,0.043662929966587084,,,,,,,,
/Users/iaparamedicos/MIQA_datasets/us/breast/busi/Dataset_BUSI_with_GT/benign/benign (151).png,benign (151).png,benign,56.82133587422232,6.476799618866652,59.91143798828125,0.47932055592536926,0.23676683008670807,7.745570007075992,,,,,0.7529593268950234,0.0,,
/Users/iaparamedicos/MIQA_datasets/us/breast/busi/Dataset_BUSI_with_GT/benign/benign (151)_mask.png,benign (151)_mask.png,benign,0.0,31.441240591470073,143.467529296875,0.00882576871663332,0.09353007376194,0.07290413659402215,,,,,,,,
/Users/iaparamedicos/MIQA_datasets/us/breast/busi/Dataset_BUSI_with_GT/benign/benign (152).png,benign (152).png,benign,63.307746368645546,5.503838044703168,49.0447998046875,0.406340092420578,0.279548317193985,7.776371517367142,,,,,,,,
/Users/iaparamedicos/MIQA_datasets/us/breast/busi/Dataset_BUSI_with_GT/benign/benign (152)_mask.png,benign (152)_mask.png,benign,0.0,32.34597583558309,153.2996826171875,0.23548516631126404,0.4243016839027405,0.787451307290056,,,,,,0.0,,
/Users/iaparamedicos/MIQA_datasets/us/breast/busi/Dataset_BUSI_with_GT/benign/benign (153).png,benign (153).png,benign,56.44349297812874,6.5334760532806895,64.54058837890625,0.5393314957618713,0.20259156823158264,7.630174041075989,,,,,,,,
/Users/iaparamedicos/MIQA_datasets/us/breast/busi/Dataset_BUSI_with_GT/benign/benign (153)_mask.png,benign (153)_mask.png,benign,0.0,31.76895706871761,147.95693969726562,0.006323229521512985,0.07926693558692932,0.055285555733866475,,,,,,,,
/Users/iaparamedicos/MIQA_datasets/us/breast/busi/Dataset_BUSI_with_GT/benign/benign (154).png,benign (154).png,benign,58.80537640674175,6.179193538988739,63.42230224609375,0.456672340631485,0.19310343265533447,7.603117625137875,,,,,0.7194330051645582,0.4597500726532985,,
/Users/iaparamedicos/MIQA_datasets/us/breast/busi/Dataset_BUSI_with_GT/benign/benign (154)_mask.png,benign (154)_mask.png,benign,0.0,31.89225753208292,148.250244140625,0.007984991185367107,0.08900129795074463,0.06711715094448052,,,,,,,,
/Users/iaparamedicos/MIQA_datasets/us/breast/busi/Dataset_BUSI_with_GT/benign/benign (155).png,benign (155).png,benign,59.368638189346335,6.09470427159805,60.29412841796875,0.3676268756389618,0.24795572459697723,7.660550827234049,0.8406712441275352,0.4009730402868071,0.19923371647509577,,,,,
/Users/iaparamedicos/MIQA_datasets/us/breast/busi/Dataset_BUSI_with_GT/benign/benign (155)_mask.png,benign (155)_mask.png,benign,0.0,33.13522324609535,155.6007080078125,0.13312697410583496,0.33971190452575684,0.5659519842021188,,,,,,0.0,,
/Users/iaparamedicos/MIQA_datasets/us/breast/busi/Dataset_BUSI_with_GT/benign/benign (156).png,benign (156).png,benign,55.9536796208814,6.60694805686779,63.66729736328125,0.3888227939605713,0.222874253988266,7.681887481254291,0.8334386263896778,0.4009036671595552,0.0,,,,,
/Users/iaparamedicos/MIQA_datasets/us/breast/busi/Dataset_BUSI_with_GT/benign/benign (156)_mask.png,benign (156)_mask.png,benign,0.0,32.120665344316166,152.71685791015625,0.01857583411037922,0.13502137362957,0.13336781328175257,,,,,,0.0,,
/Users/iaparamedicos/MIQA_datasets/us/breast/busi/Dataset_BUSI_with_GT/benign/benign (157).png,benign (157).png,benign,57.28647242480711,6.407029136278934,59.58074951171875,0.32333144545555115,0.19201019406318665,7.500450719570632,,,,,,0.7162200603060818,,
/Users/iaparamedicos/MIQA_datasets/us/breast/busi/Dataset_BUSI_with_GT/benign/benign (157)_mask.png,benign (157)_mask.png,benign,0.0,32.4229617929778,150.46725463867188,0.041774287819862366,0.2000729888677597,0.25036891720761884,,,,,,,,
/Users/iaparamedicos/MIQA_datasets/us/breast/busi/Dataset_BUSI_with_GT/benign/benign (158).png,benign (158).png,benign,57.74454493081447,6.3383182603778305,52.38946533203125,0.2159283310174942,0.19169442355632782,6.968956413538686,,,,,0.5729713180707295,0.0,,
/Users/iaparamedicos/MIQA_datasets/us/breast/busi/Dataset_BUSI_with_GT/benign/benign (158)_mask.png,benign (158)_mask.png,benign,0.0,32.454171318923635,151.98486328125,0.14144675433635712,0.34848180413246155,0.5880152318189046,,,,,0.0,0.0,,
/Users/iaparamedicos/MIQA_datasets/us/breast/busi/Dataset_BUSI_with_GT/benign/benign (159).png,benign (159).png,benign,56.85375368028246,6.471936947957631,61.6370849609375,0.43416085839271545,0.1767725944519043,7.4998182157452025,,,,,,,0.020448768511414528,0.00107507435093642
/Users/iaparamedicos/MIQA_datasets/us/breast/busi/Dataset_BUSI_with_GT/benign/benign (159)_mask.png,benign (159)_mask.png,benign,0.0,31.906991603727793,147.14053344726562,0.008435459807515144,0.09145656228065491,0.07023288479897427,,,,,,,,
/Users/iaparamedicos/MIQA_datasets/us/breast/busi/Dataset_BUSI_with_GT/benign/benign (16).png,benign (16).png,benign,54.921916682566376,6.761712497615044,59.59857177734375,0.4773391783237457,0.23616304993629456,7.739594592609391,0.9034119741847033,0.40155309250136834,0.18458781362007168,,,,,
/Users/iaparamedicos/MIQA_datasets/us/breast/busi/Dataset_BUSI_with_GT/benign/benign (16)_mask.png,benign (16)_mask.png,benign,0.0,30.23119026603201,143.0074462890625,0.008956694044172764,0.094215027987957,0.07379449811799868,,,,,,,,
/Users/iaparamedicos/MIQA_datasets/us/breast/busi/Dataset_BUSI_with_GT/benign/benign (160).png,benign (160).png,benign,53.756704936842404,6.93649425947364,63.04742431640625,0.4757416248321533,0.22855451703071594,7.7106110551237546,,,,,,,,
/Users/iaparamedicos/MIQA_datasets/us/breast/busi/Dataset_BUSI_with_GT/benign/benign (160)_mask.png,benign (160)_mask.png,benign,0.0,31.96902460222251,146.59982299804688,0.009941376745700836,0.09920959919691086,0.08040424750124783,,,,,,,,
/Users/iaparamedicos/MIQA_datasets/us/breast/busi/Dataset_BUSI_with_GT/benign/benign (161).png,benign (161).png,benign,59.42117810128893,6.086823284806662,61.0333251953125,0.2703707218170166,0.17913036048412323,7.331932286751867,,,,,,,0.024112896993756294,0.13142988364972444
/Users/iaparamedicos/MIQA_datasets/us/breast/busi/Dataset_BUSI_with_GT/benign/benign (161)_mask.png,benign (161)_mask.png,benign,0.0,32.0101293550845,143.81619262695312,0.01182201225310564,0.10808447003364563,0.09264336311897754,,,,,,,,
/Users/iaparamedicos/MIQA_datasets/us/breast/busi/Dataset_BUSI_with_GT/benign/benign (162).png,benign (162).png,benign,60.56343142929899,5.915485285605153,62.28485107421875,0.41600680351257324,0.21375778317451477,7.686132434691058,,,,,,,,
/Users/iaparamedicos/MIQA_datasets/us/breast/busi/Dataset_BUSI_with_GT/benign/benign (162)_mask.png,benign (162)_mask.png,benign,0.0,31.31688309621665,141.5262451171875,0.004836646839976311,0.06937761604785919,0.044163314351699325,,,,,,,,
/Users/iaparamedicos/MIQA_datasets/us/breast/busi/Dataset_BUSI_with_GT/benign/benign (163).png,benign (163).png,benign,60.54783365292287,5.91782495206157,63.56341552734375,0.37327322363853455,0.23242023587226868,7.698785874527055,0.7661800612418876,0.405761316872428,0.3286264441591784,,,,,
/Users/iaparamedicos/MIQA_datasets/us/breast/busi/Dataset_BUSI_with_GT/benign/benign (163)_mask.png,benign (163)_mask.png,benign,0.0,31.770285379079372,150.02197265625,0.00488072307780385,0.0696914792060852,0.04450174044942971,,,,,,,,
/Users/iaparamedicos/MIQA_datasets/us/breast/busi/Dataset_BUSI_with_GT/benign/benign (163)_mask_1.png,benign (163)_mask_1.png,benign,0.0,32.0190859224807,151.72222900390625,0.005290793254971504,0.07254516333341599,0.047623338650071415,,,,,,,,
/Users/iaparamedicos/MIQA_datasets/us/breast/busi/Dataset_BUSI_with_GT/benign/benign (164).png,benign (164).png,benign,60.85884494390896,5.871173258413655,60.24725341796875,0.2851974368095398,0.1951972395181656,7.430285174654676,,,,,0.5316753053306694,0.7349778621125869,,
/Users/iaparamedicos/MIQA_datasets/us/breast/busi/Dataset_BUSI_with_GT/benign/benign (164)_mask.png,benign (164)_mask.png,benign,0.0,31.870285501233077,156.25845336914062,0.15761017799377441,0.3643750846385956,0.6285615746427805,,,,,,,,
/Users/iaparamedicos/MIQA_datasets/us/breast/busi/Dataset_BUSI_with_GT/benign/benign (165).png,benign (165).png,benign,58.12832066101241,6.280751900848139,58.7862548828125,0.32936227321624756,0.22082901000976562,7.483861960468406,0.9537475591745315,0.40165571975916803,0.07347670250896057,,,,,
/Users/iaparamedicos/MIQA_datasets/us/breast/busi/Dataset_BUSI_with_GT/benign/benign (165)_mask.png,benign (165)_mask.png,benign,0.0,31.96154202288165,148.26522827148438,0.006272401660680771,0.07894972711801529,0.05491441892261096,,,,,,,,
/Users/iaparamedicos/MIQA_datasets/us/breast/busi/Dataset_BUSI_with_GT/benign/benign (166).png,benign (166).png,benign,55.61970663103951,6.657044005344074,64.10174560546875,0.3267051577568054,0.17245027422904968,7.375860945627502,,,,,,,0.03577108681201935,0.00987140987140987
/Users/iaparamedicos/MIQA_datasets/us/breast/busi/Dataset_BUSI_with_GT/benign/benign (166)_mask.png,benign (166)_mask.png,benign,0.0,31.362429170546697,146.139404296875,0.01107476931065321,0.10465236008167267,0.08783683065192252,,,,,,,,
/Users/iaparamedicos/MIQA_datasets/us/breast/busi/Dataset_BUSI_with_GT/benign/benign (167).png,benign (167).png,benign,58.45050838050278,6.232423742924582,62.66583251953125,0.4838481545448303,0.1811641901731491,7.511960982788149,0.908860430382346,0.40348682351991605,0.012367491166077738,,,,,
/Users/iaparamedicos/MIQA_datasets/us/breast/busi/Dataset_BUSI_with_GT/benign/benign (167)_mask.png,benign (167)_mask.png,benign,0.0,32.07656768435796,148.09677124023438,0.0097840940579772,0.09842950105667114,0.07935839432678148,,,,,,,,
/Users/iaparamedicos/MIQA_datasets/us/breast/busi/Dataset_BUSI_with_GT/benign/benign (168).png,benign (168).png,benign,57.6376089901137,6.354358651482946,60.43792724609375,0.37126660346984863,0.18515446782112122,7.410748283563363,,,,,,,0.04423489794135094,0.0015191271923767435
/Users/iaparamedicos/MIQA_datasets/us/breast/busi/Dataset_BUSI_with_GT/benign/benign (168)_mask.png,benign (168)_mask.png,benign,0.0,31.74532697250467,152.45663452148438,0.047242775559425354,0.2121577113866806,0.27456694199990983,,,,,,0.0,,
/Users/iaparamedicos/MIQA_datasets/us/breast/busi/Dataset_BUSI_with_GT/benign/benign (169).png,benign (169).png,benign,57.40742472557183,6.388886291164226,59.14178466796875,0.32664594054222107,0.2090843915939331,7.503634800781035,,,,,,0.0,,
/Users/iaparamedicos/MIQA_datasets/us/breast/busi/Dataset_BUSI_with_GT/benign/benign (169)_mask.png,benign (169)_mask.png,benign,0.0,31.731692076628807,148.63156127929688,0.005305785685777664,0.072647325694561,0.04773657299592042,,,,,,,,
/Users/iaparamedicos/MIQA_datasets/us/breast/busi/Dataset_BUSI_with_GT/benign/benign (17).png,benign (17).png,benign,54.72671619528128,6.790992570707808,62.78125,0.48000773787498474,0.24459142982959747,7.819694924902839,0.6168266861087522,0.40698594624096057,0.11827956989247312,,,,,
/Users/iaparamedicos/MIQA_datasets/us/breast/busi/Dataset_BUSI_with_GT/benign/benign (17)_mask.png,benign (17)_mask.png,benign,0.0,31.606455224851196,148.70166015625,0.019659072160720825,0.13882577419281006,0.13952203145018247,,,,,,,,
/Users/iaparamedicos/MIQA_datasets/us/breast/busi/Dataset_BUSI_with_GT/benign/benign (170).png,benign (170).png,benign,57.95344284686317,6.306983572970524,57.99200439453125,0.28609293699264526,0.1910787969827652,7.441355604974478,,,,,,,0.03185569494962692,0.012956901254773594
/Users/iaparamedicos/MIQA_datasets/us/breast/busi/Dataset_BUSI_with_GT/benign/benign (170)_mask.png,benign (170)_mask.png,benign,0.0,32.4306971476254,152.72222900390625,0.04762229323387146,0.21296575665473938,0.2762094622660667,,,,,0.11390871096241997,0.0,,
/Users/iaparamedicos/MIQA_datasets/us/breast/busi/Dataset_BUSI_with_GT/benign/benign (171).png,benign (171).png,benign,54.93877113242141,6.759184330136789,61.31097412109375,0.3873777389526367,0.20335085690021515,7.557960664671516,0.9152158242008618,0.40498002340691713,0.0,,,,,
/Users/iaparamedicos/MIQA_datasets/us/breast/busi/Dataset_BUSI_with_GT/benign/benign (171)_mask.png,benign (171)_mask.png,benign,0.0,31.747578321880216,144.4462890625,0.0052240341901779175,0.07208843529224396,0.04711838706255458,,,,,,,,
/Users/iaparamedicos/MIQA_datasets/us/breast/busi/Dataset_BUSI_with_GT/benign/benign (172).png,benign (172).png,benign,59.52491012165881,6.071263481751177,62.497802734375,0.3950754404067993,0.20630979537963867,7.650996344988138,,,,,,,,
/Users/iaparamedicos/MIQA_datasets/us/breast/busi/Dataset_BUSI_with_GT/benign/benign (172)_mask.png,benign (172)_mask.png,benign,0.0,32.25296914574029,150.48605346679688,0.024051608517766,0.15320943295955658,0.1636213487189697,,,,,,,,
/Users/iaparamedicos/MIQA_datasets/us/breast/busi/Dataset_BUSI_with_GT/benign/benign (173).png,benign (173).png,benign,63.321201725778884,5.5018197411331675,46.67987060546875,0.2500336766242981,0.19874271750450134,7.242713012235029,,,,,,0.0,,
/Users/iaparamedicos/MIQA_datasets/us/breast/busi/Dataset_BUSI_with_GT/benign/benign (173)_mask.png,benign (173)_mask.png,benign,0.0,31.91383590926426,151.51931762695312,0.020923176780343056,0.1431272029876709,0.14659301257605087,,,,,,,,
/Users/iaparamedicos/MIQA_datasets/us/breast/busi/Dataset_BUSI_with_GT/benign/benign (173)_mask_1.png,benign (173)_mask_1.png,benign,0.0,31.941415643747927,153.77294921875,0.08084414154291153,0.27259561419487,0.40514660358734644,,,,,,,,
/Users/iaparamedicos/MIQA_datasets/us/breast/busi/Dataset_BUSI_with_GT/benign/benign (174).png,benign (174).png,benign,66.79415535961226,4.980876696058162,43.91680908203125,0.25240272283554077,0.2454570233821869,6.992146275308867,,,,,0.6132939952340828,0.0,,
/Users/iaparamedicos/MIQA_datasets/us/breast/busi/Dataset_BUSI_with_GT/benign/benign (174)_mask.png,benign (174)_mask.png,benign,0.0,30.001961359902438,151.80364990234375,0.0941932201385498,0.2920973598957062,0.45031348018453693,,,,,0.008360669398243297,0.8676368676368678,,
/Users/iaparamedicos/MIQA_datasets/us/breast/busi/Dataset_BUSI_with_GT/benign/benign (175).png,benign (175).png,benign,59.176165288316774,6.123575206752484,64.65576171875,0.4607485830783844,0.1991613209247589,7.620968358949645,0.9683044303973378,0.4017270251185312,0.0,,,,,
/Users/iaparamedicos/MIQA_datasets/us/breast/busi/Dataset_BUSI_with_GT/benign/benign (175)_mask.png,benign (175)_mask.png,benign,0.0,31.48437073228446,149.66128540039062,0.051345400512218475,0.22070126235485077,0.2920848667103454,,,,,,0.0,,
/Users/iaparamedicos/MIQA_datasets/us/breast/busi/Dataset_BUSI_with_GT/benign/benign (176).png,benign (176).png,benign,54.4648357306493,6.830274640402606,57.855712890625,0.4744298756122589,0.2156345546245575,7.6487531057455875,0.9440808561134039,0.40647659060579766,0.0,,,,,
/Users/iaparamedicos/MIQA_datasets/us/breast/busi/Dataset_BUSI_with_GT/benign/benign (176)_mask.png,benign (176)_mask.png,benign,0.0,31.851849486518645,145.1246337890625,0.014218635857105255,0.11839115619659424,0.10761321246072773,,,,,,,,
/Users/iaparamedicos/MIQA_datasets/us/breast/busi/Dataset_BUSI_with_GT/benign/benign (177).png,benign (177).png,benign,56.907579577005585,6.463863063449163,58.61248779296875,0.30115047097206116,0.19971749186515808,7.4959143518115745,,,,,,,,
/Users/iaparamedicos/MIQA_datasets/us/breast/busi/Dataset_BUSI_with_GT/benign/benign (177)_mask.png,benign (177)_mask.png,benign,0.0,32.04928214779987,146.16519165039062,0.010714014992117882,0.10295254737138748,0.08549029608228445,,,,,,,,
/Users/iaparamedicos/MIQA_datasets/us/breast/busi/Dataset_BUSI_with_GT/benign/benign (178).png,benign (178).png,benign,58.19747892311808,6.270378161532289,61.1434326171875,0.40516629815101624,0.22719252109527588,7.754830760151589,0.8918807419437035,0.40199153895274586,0.0,,,,,
/Users/iaparamedicos/MIQA_datasets/us/breast/busi/Dataset_BUSI_with_GT/benign/benign (178)_mask.png,benign (178)_mask.png,benign,0.0,32.01913831801708,152.84201049804688,0.07250962406396866,0.2593298554420471,0.3752200490414691,,,,,0.0,0.0,,
/Users/iaparamedicos/MIQA_datasets/us/breast/busi/Dataset_BUSI_with_GT/benign/benign (179).png,benign (179).png,benign,59.998502428514385,6.000224635722842,50.77587890625,0.3762210011482239,0.2698858976364136,7.55045390931133,,,,,,,,
/Users/iaparamedicos/MIQA_datasets/us/breast/busi/Dataset_BUSI_with_GT/benign/benign (179)_mask.png,benign (179)_mask.png,benign,0.0,31.633742134438315,145.15594482421875,0.004896301776170731,0.06980206072330475,0.04462121730991678,,,,,,,,
/Users/iaparamedicos/MIQA_datasets/us/breast/busi/Dataset_BUSI_with_GT/benign/benign (18).png,benign (18).png,benign,61.35285817579032,5.7970712736314525,49.343017578125,0.40478241443634033,0.27889084815979004,7.77473247454283,0.6784875254399777,0.4003821690095676,0.33156028368794327,,,,,
/Users/iaparamedicos/MIQA_datasets/us/breast/busi/Dataset_BUSI_with_GT/benign/benign (18)_mask.png,benign (18)_mask.png,benign,0.0,29.91876590781418,152.20407104492188,0.1984190046787262,0.39880937337875366,0.7187548018917693,,,,,0.09100442906665225,0.0,,
/Users/iaparamedicos/MIQA_datasets/us/breast/busi/Dataset_BUSI_with_GT/benign/benign (180).png,benign (180).png,benign,53.32556524868011,7.001165212697985,60.61285400390625,0.37172138690948486,0.2098836898803711,7.645956552674188,0.8976863178207476,0.40468489431840216,0.36304062909567497,,,,,
/Users/iaparamedicos/MIQA_datasets/us/breast/busi/Dataset_BUSI_with_GT/benign/benign (180)_mask.png,benign (180)_mask.png,benign,0.0,31.82702215015343,149.90621948242188,0.025205329060554504,0.15674827992916107,0.16974493791214523,,,,,,0.0,,
/Users/iaparamedicos/MIQA_datasets/us/breast/busi/Dataset_BUSI_with_GT/benign/benign (181).png,benign (181).png,benign,58.429363376320275,6.235595493551959,58.79632568359375,0.2613601088523865,0.1895100325345993,7.286102403909725,,,,,,,0.029708420857787132,0.018966786994893094
/Users/iaparamedicos/MIQA_datasets/us/breast/busi/Dataset_BUSI_with_GT/benign/benign (181)_mask.png,benign (181)_mask.png,benign,0.0,32.3050103046617,157.37478637695312,0.06821282207965851,0.2521107792854309,0.35921858700029474,,,,,,0.0,,
/Users/iaparamedicos/MIQA_datasets/us/breast/busi/Dataset_BUSI_with_GT/benign/benign (181)_mask_1.png,benign (181)_mask_1.png,benign,0.0,32.22796763579273,150.66580200195312,0.012461208738386631,0.11093208193778992,0.09669998581614991,,,,,,,,
/Users/iaparamedicos/MIQA_datasets/us/breast/busi/Dataset_BUSI_with_GT/benign/benign (182).png,benign (182).png,benign,58.94787425901797,6.1578188611473035,59.36962890625,0.3693491816520691,0.19272764027118683,7.520302250788492,,,,,,0.3498982853821564,,
/Users/iaparamedicos/MIQA_datasets/us/breast/busi/Dataset_BUSI_with_GT/benign/benign (182)_mask.png,benign (182)_mask.png,benign,0.0,30.203868333404536,151.61569213867188,0.012048333883285522,0.10910164564847946,0.09408533308180539,,,,,,,,
/Users/iaparamedicos/MIQA_datasets/us/breast/busi/Dataset_BUSI_with_GT/benign/benign (183).png,benign (183).png,benign,52.976855884204355,7.053471617369347,61.93817138671875,0.292199969291687,0.16480012238025665,6.988877873972866,,,,,,,0.008401536382734776,0.17568070896480864
/Users/iaparamedicos/MIQA_datasets/us/breast/busi/Dataset_BUSI_with_GT/benign/benign (183)_mask.png,benign (183)_mask.png,benign,0.0,30.985246361670093,151.76083374023438,0.007528435438871384,0.0864393338561058,0.06392157342387135,,,,,,,,
/Users/iaparamedicos/MIQA_datasets/us/breast/busi/Dataset_BUSI_with_GT/benign/benign (184).png,benign (184).png,benign,67.72806244783791,4.840790632824313,33.2353515625,0.26905691623687744,0.2497730404138565,7.337725918012378,,,,,,0.0,,
/Users/iaparamedicos/MIQA_datasets/us/breast/busi/Dataset_BUSI_with_GT/benign/benign (184)_mask.png,benign (184)_mask.png,benign,0.0,31.876187997870723,152.67999267578125,0.14326059818267822,0.3503384292125702,0.5927147213816248,,,,,,0.0,,
/Users/iaparamedicos/MIQA_datasets/us/breast/busi/Dataset_BUSI_with_GT/benign/benign (185).png,benign (185).png,benign,49.222614546866,7.616607817970101,62.76580810546875,0.414526104927063,0.23621734976768494,7.786215569383011,0.7310231509299512,0.4022147147147147,0.0,,,,,
/Users/iaparamedicos/MIQA_datasets/us/breast/busi/Dataset_BUSI_with_GT/benign/benign (185)_mask.png,benign (185)_mask.png,benign,0.0,31.423954104840053,146.77169799804688,0.007491284515708685,0.0862274095416069,0.0636598033803664,,,,,,,,
/Users/iaparamedicos/MIQA_datasets/us/breast/busi/Dataset_BUSI_with_GT/benign/benign (186).png,benign (186).png,benign,52.16795888703529,7.174806166944707,63.801025390625,0.5035284161567688,0.20230941474437714,7.654973757672092,0.9453628704883921,0.40185102067956646,0.0,,,,,
/Users/iaparamedicos/MIQA_datasets/us/breast/busi/Dataset_BUSI_with_GT/benign/benign (186)_mask.png,benign (186)_mask.png,benign,0.0,32.261164988074334,151.66574096679688,0.07838781177997589,0.2687808871269226,0.39647290037724014,,,,,,0.0,,
/Users/iaparamedicos/MIQA_datasets/us/breast/busi/Dataset_BUSI_with_GT/benign/benign (187).png,benign (187).png,benign,52.33520573844616,7.149719139233074,64.97991943359375,0.44679415225982666,0.21327035129070282,7.65669410033103,0.8221059688152974,0.4003911530143282,0.36712328767123287,,,,,
/Users/iaparamedicos/MIQA_datasets/us/breast/busi/Dataset_BUSI_with_GT/benign/benign (187)_mask.png,benign (187)_mask.png,benign,0.0,31.214472382124523,153.76699829101562,0.015691375359892845,0.12427854537963867,0.11651161160358023,,,,,,,,
/Users/iaparamedicos/MIQA_datasets/us/breast/busi/Dataset_BUSI_with_GT/benign/benign (188).png,benign (188).png,benign,63.56485274375907,5.465272088436139,33.7733154296875,0.1548706293106079,0.19760018587112427,5.481632398404749,,,,,,,,
/Users/iaparamedicos/MIQA_datasets/us/breast/busi/Dataset_BUSI_with_GT/benign/benign (188)_mask.png,benign (188)_mask.png,benign,0.0,31.725263160817917,155.72354125976562,0.4485267102718353,0.49734336137771606,0.9923416015293507,,,,,,0.0,,
/Users/iaparamedicos/MIQA_datasets/us/breast/busi/Dataset_BUSI_with_GT/benign/benign (189).png,benign (189).png,benign,56.75534885539919,6.486697671690123,61.27020263671875,0.3209664523601532,0.18968454003334045,7.447690892249293,,,,,,,,
/Users/iaparamedicos/MIQA_datasets/us/breast/busi/Dataset_BUSI_with_GT/benign/benign (189)_mask.png,benign (189)_mask.png,benign,0.0,31.255853667267665,148.72369384765625,0.009282100014388561,0.09589547663927078,0.07599544506087688,,,,,,,,
/Users/iaparamedicos/MIQA_datasets/us/breast/busi/Dataset_BUSI_with_GT/benign/benign (19).png,benign (19).png,benign,51.929875341722195,7.210518698741671,60.08221435546875,0.26062723994255066,0.1505865901708603,7.121140640233827,,,,,,0.354052552194967,,
/Users/iaparamedicos/MIQA_datasets/us/breast/busi/Dataset_BUSI_with_GT/benign/benign (19)_mask.png,benign (19)_mask.png,benign,0.0,31.615454728011002,144.72845458984375,0.004983704071491957,0.07041921466588974,0.04529020795418995,,,,,,,,
/Users/iaparamedicos/MIQA_datasets/us/breast/busi/Dataset_BUSI_with_GT/benign/benign (190).png,benign (190).png,benign,61.76763034042595,5.734855448936107,61.26361083984375,0.28965482115745544,0.1738656610250473,7.150512978878072,0.8854968345190781,0.4012885859330222,0.2970027247956403,,,,,
/Users/iaparamedicos/MIQA_datasets/us/breast/busi/Dataset_BUSI_with_GT/benign/benign (190)_mask.png,benign (190)_mask.png,benign,0.0,32.27894012461031,151.068359375,0.08907473087310791,0.2848515808582306,0.4333738191053317,,,,,,0.0,,
/Users/iaparamedicos/MIQA_datasets/us/breast/busi/Dataset_BUSI_with_GT/benign/benign (191).png,benign (191).png,benign,61.408542794592435,5.7887185808111346,57.27862548828125,0.2525758743286133,0.21094855666160583,7.350143805656196,,,,,,,,
/Users/iaparamedicos/MIQA_datasets/us/breast/busi/Dataset_BUSI_with_GT/benign/benign (191)_mask.png,benign (191)_mask.png,benign,0.0,31.2899321450047,147.177734375,0.016102317720651627,0.12586912512779236,0.11895756115659767,,,,,,,,
/Users/iaparamedicos/MIQA_datasets/us/breast/busi/Dataset_BUSI_with_GT/benign/benign (192).png,benign (192).png,benign,58.66982685480855,6.199525971778717,57.18292236328125,0.2581828832626343,0.1948888599872589,7.35371032915785,,,,,,,,
/Users/iaparamedicos/MIQA_datasets/us/breast/busi/Dataset_BUSI_with_GT/benign/benign (192)_mask.png,benign (192)_mask.png,benign,0.0,31.28157050114983,152.77639770507812,0.031062275171279907,0.17348606884479523,0.19969146171843283,,,,,,,,
/Users/iaparamedicos/MIQA_datasets/us/breast/busi/Dataset_BUSI_with_GT/benign/benign (193).png,benign (193).png,benign,52.537643867138414,7.1193534199292365,62.06402587890625,0.34912392497062683,0.2176503688097,7.610308951845346,,,,,,,,
/Users/iaparamedicos/MIQA_datasets/us/breast/busi/Dataset_BUSI_with_GT/benign/benign (193)_mask.png,benign (193)_mask.png,benign,0.0,31.889325378124532,146.23550415039062,0.010294521227478981,0.10093831270933151,0.08273936195862609,,,,,,,,
/Users/iaparamedicos/MIQA_datasets/us/breast/busi/Dataset_BUSI_with_GT/benign/benign (194).png,benign (194).png,benign,59.433227336849015,6.085015899472648,60.56988525390625,0.46989738941192627,0.2306126058101654,7.787228908593752,0.925634682450978,0.40337458954281386,0.0,,,,,
/Users/iaparamedicos/MIQA_datasets/us/breast/busi/Dataset_BUSI_with_GT/benign/benign (194)_mask.png,benign (194)_mask.png,benign,0.0,32.2339697353272,152.202880859375,0.030442066490650177,0.17180031538009644,0.19660397563747578,,,,,,,,
/Users/iaparamedicos/MIQA_datasets/us/breast/busi/Dataset_BUSI_with_GT/benign/benign (195).png,benign (195).png,benign,59.418363344429224,6.087245498335617,44.318115234375,0.2259894609451294,0.1935175359249115,6.3911346531801945,,,,,,,0.009020863100886345,0.22881019420980434
/Users/iaparamedicos/MIQA_datasets/us/breast/busi/Dataset_BUSI_with_GT/benign/benign (195)_mask.png,benign (195)_mask.png,benign,0.0,31.875435769630357,152.87646484375,0.15176047384738922,0.35878852009773254,0.6142284211217085,,,,,,0.0,,
/Users/iaparamedicos/MIQA_datasets/us/breast/busi/Dataset_BUSI_with_GT/benign/benign (195)_mask_1.png,benign (195)_mask_1.png,benign,0.0,30.880517373169205,152.82611083984375,0.1399446427822113,0.3469295799732208,0.5840938009966108,,,,,,0.0,,
/Users/iaparamedicos/MIQA_datasets/us/breast/busi/Dataset_BUSI_with_GT/benign/benign (195)_mask_2.png,benign (195)_mask_2.png,benign,0.0,32.79946780897058,149.31790161132812,0.05933065339922905,0.23624253273010254,0.3247821102760091,,,,,,0.0,,
/Users/iaparamedicos/MIQA_datasets/us/breast/busi/Dataset_BUSI_with_GT/benign/benign (196).png,benign (196).png,benign,57.42949518303302,6.385575722545047,64.34185791015625,0.39788350462913513,0.20353735983371735,7.548714352817965,0.9440706037572404,0.4075839385830785,0.2362924281984334,,,,,
/Users/iaparamedicos/MIQA_datasets/us/breast/busi/Dataset_BUSI_with_GT/benign/benign (196)_mask.png,benign (196)_mask.png,benign,0.0,31.21640263893582,157.90957641601562,0.03435896337032318,0.18214945495128632,0.21580146965454675,,,,,,,,
/Users/iaparamedicos/MIQA_datasets/us/breast/busi/Dataset_BUSI_with_GT/benign/benign (197).png,benign (197).png,benign,60.32411135638598,5.951383296542104,59.7532958984375,0.3618498742580414,0.21349719166755676,7.609470637185933,,,,,,,,
/Users/iaparamedicos/MIQA_datasets/us/breast/busi/Dataset_BUSI_with_GT/benign/benign (197)_mask.png,benign (197)_mask.png,benign,0.0,31.209828093932416,149.97430419921875,0.014086611568927765,0.11784811317920685,0.10680492932236754,,,,,,,,
/Users/iaparamedicos/MIQA_datasets/us/breast/busi/Dataset_BUSI_with_GT/benign/benign (198).png,benign (198).png,benign,58.02499443320946,6.296250835018581,61.24285888671875,0.4230290651321411,0.21548955142498016,7.681327164268667,0.9626400498178633,0.40497389359035596,0.10408432147562582,,,,,
/Users/iaparamedicos/MIQA_datasets/us/breast/busi/Dataset_BUSI_with_GT/benign/benign (198)_mask.png,benign (198)_mask.png,benign,0.0,32.707650555892755,155.468017578125,0.09512008726596832,0.2933807671070099,0.45333294497342513,,,,,,0.0,,
/Users/iaparamedicos/MIQA_datasets/us/breast/busi/Dataset_BUSI_with_GT/benign/benign (199).png,benign (199).png,benign,56.65950052947617,6.501074920578574,62.37677001953125,0.3674941956996918,0.18469330668449402,7.4673873667873885,,,,,,,0.04057220742106438,0.0011736373612974027
/Users/iaparamedicos/MIQA_datasets/us/breast/busi/Dataset_BUSI_with_GT/benign/benign (199)_mask.png,benign (199)_mask.png,benign,0.0,31.861575824530977,154.80972290039062,0.18559782207012177,0.3887817859649658,0.6921710684366574,,,,,0.0,0.0,,
/Users/iaparamedicos/MIQA_datasets/us/breast/busi/Dataset_BUSI_with_GT/benign/benign (2).png,benign (2).png,benign,58.243691625682494,6.263446256147626,60.0958251953125,0.5014973282814026,0.21202479302883148,7.681608500287412,,,,,,,,
/Users/iaparamedicos/MIQA_datasets/us/breast/busi/Dataset_BUSI_with_GT/benign/benign (2)_mask.png,benign (2)_mask.png,benign,0.0,32.21442723755271,150.66543579101562,0.03561817482113838,0.18533624708652496,0.22182764133581967,,,,,,0.0,,
/Users/iaparamedicos/MIQA_datasets/us/breast/busi/Dataset_BUSI_with_GT/benign/benign (20).png,benign (20).png,benign,69.43459799185611,4.584810301221584,40.90252685546875,0.30831900238990784,0.27549222111701965,7.202803831635432,,,,,,0.0,,
/Users/iaparamedicos/MIQA_datasets/us/breast/busi/Dataset_BUSI_with_GT/benign/benign (20)_mask.png,benign (20)_mask.png,benign,0.0,32.19561173564491,148.83584594726562,0.04299906641244888,0.2028549611568451,0.25587773282207094,,,,,,,,
/Users/iaparamedicos/MIQA_datasets/us/breast/busi/Dataset_BUSI_with_GT/benign/benign (200).png,benign (200).png,benign,65.42023289896943,5.186965065154585,62.83660888671875,0.29495081305503845,0.17945577204227448,7.426773336206421,,,,,,,0.036203533411026,0.0641559077280793
/Users/iaparamedicos/MIQA_datasets/us/breast/busi/Dataset_BUSI_with_GT/benign/benign (200)_mask.png,benign (200)_mask.png,benign,0.0,31.74955422659001,157.02786254882812,0.1288953721523285,0.33508411049842834,0.5544009260728928,,,,,,0.0,,
/Users/iaparamedicos/MIQA_datasets/us/breast/busi/Dataset_BUSI_with_GT/benign/benign (201).png,benign (201).png,benign,49.52016056411733,7.571975915382399,66.0233154296875,0.47508764266967773,0.15667563676834106,7.2859855153318325,,,,,,,0.02332465536892414,0.001326057797829533
/Users/iaparamedicos/MIQA_datasets/us/breast/busi/Dataset_BUSI_with_GT/benign/benign (201)_mask.png,benign (201)_mask.png,benign,0.0,29.232653572663512,154.15109252929688,0.024815591052174568,0.15556277334690094,0.16768524465279214,,,,,0.0,0.0,,
/Users/iaparamedicos/MIQA_datasets/us/breast/busi/Dataset_BUSI_with_GT/benign/benign (202).png,benign (202).png,benign,55.422512906208524,6.686623064068723,61.16937255859375,0.30164581537246704,0.22354626655578613,7.473281626729433,,,,,,,,
/Users/iaparamedicos/MIQA_datasets/us/breast/busi/Dataset_BUSI_with_GT/benign/benign (202)_mask.png,benign (202)_mask.png,benign,0.0,31.33676659185267,144.75704956054688,0.006056673359125853,0.07758858799934387,0.05333249549504678,,,,,,,,
/Users/iaparamedicos/MIQA_datasets/us/breast/busi/Dataset_BUSI_with_GT/benign/benign (203).png,benign (203).png,benign,62.644048649254415,5.603392702611838,60.29156494140625,0.4079569876194,0.243159219622612,7.68800563175423,0.8065558813207636,0.40155688227727016,0.4973637961335677,,,,,
/Users/iaparamedicos/MIQA_datasets/us/breast/busi/Dataset_BUSI_with_GT/benign/benign (203)_mask.png,benign (203)_mask.png,benign,0.0,32.07657267339733,154.73361206054688,0.10228022933006287,0.3030164837837219,0.47618236406706943,,,,,,,,
/Users/iaparamedicos/MIQA_datasets/us/breast/busi/Dataset_BUSI_with_GT/benign/benign (204).png,benign (204).png,benign,65.78093755090669,5.132859367363998,57.811279296875,0.3068926930427551,0.22386372089385986,7.4776977047099535,,,,,,,,
/Users/iaparamedicos/MIQA_datasets/us/breast/busi/Dataset_BUSI_with_GT/benign/benign (204)_mask.png,benign (204)_mask.png,benign,0.0,32.38560262343112,152.32363891601562,0.05297493934631348,0.22398346662521362,0.29890233653272225,,,,,,,,
/Users/iaparamedicos/MIQA_datasets/us/breast/busi/Dataset_BUSI_with_GT/benign/benign (205).png,benign (205).png,benign,59.373536879945156,6.093969468008227,58.9378662109375,0.26043379306793213,0.18988406658172607,7.08432338818913,,,,,,,,
/Users/iaparamedicos/MIQA_datasets/us/breast/busi/Dataset_BUSI_with_GT/benign/benign (205)_mask.png,benign (205)_mask.png,benign,0.0,32.12622686101016,154.51791381835938,0.2252558469772339,0.41775068640708923,0.7696490538440077,,,,,,0.0,,
/Users/iaparamedicos/MIQA_datasets/us/breast/busi/Dataset_BUSI_with_GT/benign/benign (206).png,benign (206).png,benign,66.47047339327898,5.029428991008153,47.6204833984375,0.23236607015132904,0.21563640236854553,6.541674906106731,,,,,,,,
/Users/iaparamedicos/MIQA_datasets/us/breast/busi/Dataset_BUSI_with_GT/benign/benign (206)_mask.png,benign (206)_mask.png,benign,0.0,31.422045192278997,147.402587890625,0.05380392447113991,0.22563035786151886,0.30234109607823045,,,,,,,,
/Users/iaparamedicos/MIQA_datasets/us/breast/busi/Dataset_BUSI_with_GT/benign/benign (207).png,benign (207).png,benign,62.76505767710445,5.585241348434332,58.2095947265625,0.22580957412719727,0.1807488352060318,7.090467963755894,,,,,,,0.03545967862010002,0.06982502965599051
/Users/iaparamedicos/MIQA_datasets/us/breast/busi/Dataset_BUSI_with_GT/benign/benign (207)_mask.png,benign (207)_mask.png,benign,0.0,32.244139349756075,156.12301635742188,0.12297926098108292,0.3284133970737457,0.5378644577190205,,,,,,0.0,,
/Users/iaparamedicos/MIQA_datasets/us/breast/busi/Dataset_BUSI_with_GT/benign/benign (208).png,benign (208).png,benign,58.89284041527556,6.166073937708666,60.4920654296875,0.29095664620399475,0.2151535302400589,7.3471146653947255,,,,,,0.7366867201426025,,
/Users/iaparamedicos/MIQA_datasets/us/breast/busi/Dataset_BUSI_with_GT/benign/benign (208)_mask.png,benign (208)_mask.png,benign,0.0,32.6976739994359,151.03851318359375,0.011994888074696064,0.10886235535144806,0.09374538184645517,,,,,,,,
/Users/iaparamedicos/MIQA_datasets/us/breast/busi/Dataset_BUSI_with_GT/benign/benign (209).png,benign (209).png,benign,63.085424158245175,5.537186376263224,58.30096435546875,0.3255733251571655,0.24550792574882507,7.580174246833966,,,,,,,,
/Users/iaparamedicos/MIQA_datasets/us/breast/busi/Dataset_BUSI_with_GT/benign/benign (209)_mask.png,benign (209)_mask.png,benign,0.0,31.954841043132664,150.97732543945312,0.02895561419427395,0.16768179833889008,0.1891269673378365,,,,,,,,
/Users/iaparamedicos/MIQA_datasets/us/breast/busi/Dataset_BUSI_with_GT/benign/benign (21).png,benign (21).png,benign,60.14965618992505,5.977551571511243,63.7176513671875,0.467133492231369,0.18858450651168823,7.580543466583459,0.9869012174118443,0.4064334878494171,0.12007168458781362,,,,,
/Users/iaparamedicos/MIQA_datasets/us/breast/busi/Dataset_BUSI_with_GT/benign/benign (21)_mask.png,benign (21)_mask.png,benign,0.0,31.58944592616008,148.06845092773438,0.007367141079157591,0.08551530539989471,0.0627831234686542,,,,,,,,
/Users/iaparamedicos/MIQA_datasets/us/breast/busi/Dataset_BUSI_with_GT/benign/benign (210).png,benign (210).png,benign,59.69130154882979,6.046304767675531,59.792724609375,0.3484223484992981,0.20088934898376465,7.543228110405359,,,,,,,,
/Users/iaparamedicos/MIQA_datasets/us/breast/busi/Dataset_BUSI_with_GT/benign/benign (210)_mask.png,benign (210)_mask.png,benign,0.0,31.325137849971878,154.15109252929688,0.0805964395403862,0.2722143530845642,0.4042773076511534,,,,,,,,
/Users/iaparamedicos/MIQA_datasets/us/breast/busi/Dataset_BUSI_with_GT/benign/benign (211).png,benign (211).png,benign,58.852312337155475,6.172153149426679,59.17547607421875,0.3882400691509247,0.24002137780189514,7.707889489280629,,,,,,0.0,,
/Users/iaparamedicos/MIQA_datasets/us/breast/busi/Dataset_BUSI_with_GT/benign/benign (211)_mask.png,benign (211)_mask.png,benign,0.0,30.41883255601002,151.90243530273438,0.017331711947917938,0.13050411641597748,0.12618460252491837,,,,,,,,
/Users/iaparamedicos/MIQA_datasets/us/breast/busi/Dataset_BUSI_with_GT/benign/benign (212).png,benign (212).png,benign,54.714550936378984,6.792817359543154,60.0850830078125,0.379112184047699,0.22937695682048798,7.659742935537624,,,,,,0.0,,
/Users/iaparamedicos/MIQA_datasets/us/breast/busi/Dataset_BUSI_with_GT/benign/benign (212)_mask.png,benign (212)_mask.png,benign,0.0,32.575669731213765,154.23577880859375,0.0849401205778122,0.2787925601005554,0.4193511895235571,,,,,,0.9113614382431586,,
/Users/iaparamedicos/MIQA_datasets/us/breast/busi/Dataset_BUSI_with_GT/benign/benign (213).png,benign (213).png,benign,66.82812150980116,4.9757817735298255,59.53021240234375,0.17157918214797974,0.1582196056842804,6.57460177624107,,,,,,0.0,,
/Users/iaparamedicos/MIQA_datasets/us/breast/busi/Dataset_BUSI_with_GT/benign/benign (213)_mask.png,benign (213)_mask.png,benign,0.0,31.492169229122425,150.4090576171875,0.037902455776929855,0.1909603476524353,0.23259095550867337,,,,,,,,
/Users/iaparamedicos/MIQA_datasets/us/breast/busi/Dataset_BUSI_with_GT/benign/benign (214).png,benign (214).png,benign,63.4129099299488,5.48806351050768,62.24713134765625,0.41157034039497375,0.1711379587650299,7.419415234804622,0.8790024204482634,0.40092504602957774,0.4335548172757475,,,,,
/Users/iaparamedicos/MIQA_datasets/us/breast/busi/Dataset_BUSI_with_GT/benign/benign (214)_mask.png,benign (214)_mask.png,benign,0.0,31.942182588219342,153.62823486328125,0.05597503110766411,0.22987347841262817,0.31125561305912286,,,,,,,,
/Users/iaparamedicos/MIQA_datasets/us/breast/busi/Dataset_BUSI_with_GT/benign/benign (215).png,benign (215).png,benign,62.64597220722694,5.6031041689159595,65.12115478515625,0.3950445353984833,0.1858108788728714,7.484680109413829,,,,,0.9441935018457304,0.8069182389937107,,
/Users/iaparamedicos/MIQA_datasets/us/breast/busi/Dataset_BUSI_with_GT/benign/benign (215)_mask.png,benign (215)_mask.png,benign,0.0,31.47868143686915,147.49807739257812,0.02362794615328312,0.15188701450824738,0.16135234250020736,,,,,,,,
/Users/iaparamedicos/MIQA_datasets/us/breast/busi/Dataset_BUSI_with_GT/benign/benign (216).png,benign (216).png,benign,58.106249926351694,6.284062511047247,63.150390625,0.3947535455226898,0.19539479911327362,7.5980448758918335,,,,,,0.0,,
/Users/iaparamedicos/MIQA_datasets/us/breast/busi/Dataset_BUSI_with_GT/benign/benign (216)_mask.png,benign (216)_mask.png,benign,0.0,32.53425194954541,153.918701171875,0.05798938125371933,0.23372337222099304,0.31941125749661525,,,,,,,,
/Users/iaparamedicos/MIQA_datasets/us/breast/busi/Dataset_BUSI_with_GT/benign/benign (217).png,benign (217).png,benign,60.11398825373011,5.982901761940483,64.36029052734375,0.3201727867126465,0.15975724160671234,7.302226994311388,,,,,,,0.038604944944381714,0.2463775399098782
/Users/iaparamedicos/MIQA_datasets/us/breast/busi/Dataset_BUSI_with_GT/benign/benign (217)_mask.png,benign (217)_mask.png,benign,0.0,29.84461760081632,155.15374755859375,0.08701442182064056,0.2818562090396881,0.42642504544203463,,,,,,,,
/Users/iaparamedicos/MIQA_datasets/us/breast/busi/Dataset_BUSI_with_GT/benign/benign (218).png,benign (218).png,benign,52.85459555817384,7.071810666273922,63.0245361328125,0.33906933665275574,0.18726710975170135,7.489590935385142,0.9364217337122227,0.40461483637227535,0.013289036544850499,,,,,
/Users/iaparamedicos/MIQA_datasets/us/breast/busi/Dataset_BUSI_with_GT/benign/benign (218)_mask.png,benign (218)_mask.png,benign,0.0,32.00833056443769,153.17868041992188,0.12604030966758728,0.33189475536346436,0.5464778233681491,,,,,,,,
/Users/iaparamedicos/MIQA_datasets/us/breast/busi/Dataset_BUSI_with_GT/benign/benign (219).png,benign (219).png,benign,49.73862363245164,7.539206455132254,62.32623291015625,0.28664782643318176,0.1947174221277237,7.381499976489049,,,,,,,0.03941091522574425,0.01025053163211058
/Users/iaparamedicos/MIQA_datasets/us/breast/busi/Dataset_BUSI_with_GT/benign/benign (219)_mask.png,benign (219)_mask.png,benign,0.0,31.976586144254966,149.03219604492188,0.02541450783610344,0.15738046169281006,0.17084670972308694,,,,,,,,
/Users/iaparamedicos/MIQA_datasets/us/breast/busi/Dataset_BUSI_with_GT/benign/benign (22).png,benign (22).png,benign,67.80626614463394,4.829060078304909,59.2899169921875,0.32963672280311584,0.2293858677148819,7.534579151961786,0.9360587269412546,0.40143130678037453,0.0,,,,,
/Users/iaparamedicos/MIQA_datasets/us/breast/busi/Dataset_BUSI_with_GT/benign/benign (22)_mask.png,benign (22)_mask.png,benign,0.0,31.825040900958776,150.4964599609375,0.05242384970188141,0.22288021445274353,0.2966054047149264,,,,,,0.0,,
/Users/iaparamedicos/MIQA_datasets/us/breast/busi/Dataset_BUSI_with_GT/benign/benign (220).png,benign (220).png,benign,59.49935242043236,6.075097136935145,65.72821044921875,0.3799678385257721,0.15632185339927673,7.239946014966539,,,,,,,0.043993715196847916,0.013716806820255096
/Users/iaparamedicos/MIQA_datasets/us/breast/busi/Dataset_BUSI_with_GT/benign/benign (220)_mask.png,benign (220)_mask.png,benign,0.0,31.685393243970488,157.3681640625,0.03178749606013298,0.17543387413024902,0.20327834543241505,,,,,,,,
/Users/iaparamedicos/MIQA_datasets/us/breast/busi/Dataset_BUSI_with_GT/benign/benign (221).png,benign (221).png,benign,62.21132022752411,5.668301965871383,66.163330078125,0.3787003755569458,0.17589911818504333,7.478180785063017,,,,,,,0.025263160467147827,0.19979926396788222
/Users/iaparamedicos/MIQA_datasets/us/breast/busi/Dataset_BUSI_with_GT/benign/benign (221)_mask.png,benign (221)_mask.png,benign,0.0,31.687732513345477,151.65597534179688,0.00877922959625721,0.09328533709049225,0.07258696316071628,,,,,,,,
/Users/iaparamedicos/MIQA_datasets/us/breast/busi/Dataset_BUSI_with_GT/benign/benign (222).png,benign (222).png,benign,63.217488152802304,5.517376777079654,65.47564697265625,0.41108494997024536,0.16302809119224548,7.267737393801797,0.9674822304468046,0.40121850938177467,0.0,,,,,
/Users/iaparamedicos/MIQA_datasets/us/breast/busi/Dataset_BUSI_with_GT/benign/benign (222)_mask.png,benign (222)_mask.png,benign,0.0,31.887506361124036,154.79437255859375,0.03504385054111481,0.1838906854391098,0.21908752298684905,,,,,,0.0,,
/Users/iaparamedicos/MIQA_datasets/us/breast/busi/Dataset_BUSI_with_GT/benign/benign (223).png,benign (223).png,benign,55.217772589576896,6.717334111563466,60.98614501953125,0.35098984837532043,0.1946161687374115,7.548975360245933,,,,,,,,
/Users/iaparamedicos/MIQA_datasets/us/breast/busi/Dataset_BUSI_with_GT/benign/benign (223)_mask.png,benign (223)_mask.png,benign,0.0,32.39662204058944,154.41732788085938,0.0277082622051239,0.1641356498003006,0.18276537089109995,,,,,,,,
/Users/iaparamedicos/MIQA_datasets/us/breast/busi/Dataset_BUSI_with_GT/benign/benign (224).png,benign (224).png,benign,57.48561658386186,6.3771575124207205,61.74786376953125,0.4016169011592865,0.20795004069805145,7.5912137025073205,0.9138117373058378,0.40208009150274643,0.27992957746478875,,,,,
/Users/iaparamedicos/MIQA_datasets/us/breast/busi/Dataset_BUSI_with_GT/benign/benign (224)_mask.png,benign (224)_mask.png,benign,0.0,31.53883935664922,153.17190551757812,0.12545046210289001,0.33122900128364563,0.5448277185617102,,,,,0.01804522767418578,0.0,,
/Users/iaparamedicos/MIQA_datasets/us/breast/busi/Dataset_BUSI_with_GT/benign/benign (225).png,benign (225).png,benign,58.54541378634334,6.218187932048499,58.248046875,0.32301416993141174,0.2053224742412567,7.510923838040262,,,,,,,,
/Users/iaparamedicos/MIQA_datasets/us/breast/busi/Dataset_BUSI_with_GT/benign/benign (225)_mask.png,benign (225)_mask.png,benign,0.0,31.325983665844298,156.9273681640625,0.0450642965734005,0.2074452042579651,0.26504835110459923,,,,,,,,
/Users/iaparamedicos/MIQA_datasets/us/breast/busi/Dataset_BUSI_with_GT/benign/benign (226).png,benign (226).png,benign,64.96779777538313,5.25483033369253,62.59112548828125,0.42246729135513306,0.1892215609550476,7.552882406421392,,,,,,,,
/Users/iaparamedicos/MIQA_datasets/us/breast/busi/Dataset_BUSI_with_GT/benign/benign (226)_mask.png,benign (226)_mask.png,benign,0.0,32.03328112776177,158.4415283203125,0.029374362900853157,0.1688535213470459,0.1912445540520611,,,,,,0.0,,
/Users/iaparamedicos/MIQA_datasets/us/breast/busi/Dataset_BUSI_with_GT/benign/benign (227).png,benign (227).png,benign,56.65574515031109,6.501638227453337,62.91650390625,0.4114520847797394,0.16640977561473846,7.350301879074538,0.9843932346618003,0.40487279114328295,0.13580246913580246,,,,,
/Users/iaparamedicos/MIQA_datasets/us/breast/busi/Dataset_BUSI_with_GT/benign/benign (227)_mask.png,benign (227)_mask.png,benign,0.0,30.269215337967594,158.89224243164062,0.025527970865368843,0.15772219002246857,0.17144327182878125,,,,,,0.0,,
/Users/iaparamedicos/MIQA_datasets/us/breast/busi/Dataset_BUSI_with_GT/benign/benign (228).png,benign (228).png,benign,60.42251110387748,5.936623334418377,58.60028076171875,0.3491031527519226,0.22703160345554352,7.619593145640702,0.8326935115764402,0.40191134416919483,0.32326820603907636,,,,,
/Users/iaparamedicos/MIQA_datasets/us/breast/busi/Dataset_BUSI_with_GT/benign/benign (228)_mask.png,benign (228)_mask.png,benign,0.0,31.320796785970995,158.00381469726562,0.11584301292896271,0.32003656029701233,0.5172924931002367,,,,,,0.0,,
/Users/iaparamedicos/MIQA_datasets/us/breast/busi/Dataset_BUSI_with_GT/benign/benign (229).png,benign (229).png,benign,64.9764304622277,5.253535430665846,60.3544921875,0.33398690819740295,0.2155170440673828,7.534371714739691,,,,,,,,
/Users/iaparamedicos/MIQA_datasets/us/breast/busi/Dataset_BUSI_with_GT/benign/benign (229)_mask.png,benign (229)_mask.png,benign,0.0,32.27025794446198,151.5390625,0.057073336094617844,0.23198267817497253,0.3157158987639591,,,,,0.0,0.0,,
/Users/iaparamedicos/MIQA_datasets/us/breast/busi/Dataset_BUSI_with_GT/benign/benign (23).png,benign (23).png,benign,58.20175916857772,6.269736124713342,62.7763671875,0.4532531797885895,0.20569287240505219,7.686091840511758,0.9295661960312854,0.4027218036329654,0.0,,,,,
/Users/iaparamedicos/MIQA_datasets/us/breast/busi/Dataset_BUSI_with_GT/benign/benign (23)_mask.png,benign (23)_mask.png,benign,0.0,32.03276303583667,153.24887084960938,0.04169262945652008,0.19988586008548737,0.24999972976597806,,,,,,0.0,,
/Users/iaparamedicos/MIQA_datasets/us/breast/busi/Dataset_BUSI_with_GT/benign/benign (230).png,benign (230).png,benign,63.5238300690943,5.471425489635855,61.11767578125,0.23732678592205048,0.17190079391002655,7.2238023640477484,,,,,,,0.05769401788711548,0.08454894143940081
/Users/iaparamedicos/MIQA_datasets/us/breast/busi/Dataset_BUSI_with_GT/benign/benign (230)_mask.png,benign (230)_mask.png,benign,0.0,31.88327337759501,153.67935180664062,0.04655665159225464,0.21068726480007172,0.2715857401195534,,,,,,,,
